{"cameraMode":{"drawMode":0,"name":"Shaded","section":"Shading Mode"},"sceneLighting":true,"audioPlay":false,"sceneViewState":{"showFog":true,"showMaterialUpdate":false,"showSkybox":true,"showFlares":true,"showImageEffects":true,"showParticleSystems":true},"in2DMode":false,"pivot":{"x":-0.5410810112953186,"y":0.5054485201835632,"z":0.38741934299468996},"rotation":{"x":0.6132115125656128,"y":-0.3781321942806244,"z":0.4203357696533203,"w":0.5516542792320252},"size":8.964481353759766,"orthographic":true}